"ID","Exited"
1836,"No"
1935,"No"
716,"No"
1564,"No"
2631,"No"
1308,"No"
1781,"No"
322,"Yes"
1413,"Yes"
719,"No"
1894,"No"
2593,"No"
2093,"No"
2146,"No"
1354,"No"
1644,"No"
1392,"Yes"
1460,"Yes"
1513,"Yes"
390,"Yes"
2461,"No"
135,"No"
1831,"Yes"
883,"No"
786,"No"
1217,"Yes"
1466,"Yes"
409,"No"
2396,"Yes"
835,"No"
1627,"Yes"
476,"No"
591,"No"
964,"No"
988,"No"
892,"Yes"
1742,"No"
2398,"Yes"
428,"No"
1425,"No"
2903,"Yes"
930,"No"
1068,"No"
1554,"Yes"
379,"Yes"
2933,"No"
671,"No"
2547,"No"
676,"Yes"
377,"Yes"
2566,"Yes"
312,"No"
1511,"No"
2634,"No"
854,"No"
2597,"No"
870,"No"
267,"No"
1255,"Yes"
792,"Yes"
1860,"Yes"
993,"No"
2852,"No"
158,"No"
452,"Yes"
590,"No"
2777,"No"
750,"No"
69,"No"
1780,"No"
1056,"Yes"
2653,"No"
1396,"No"
2732,"Yes"
1385,"Yes"
548,"No"
2472,"Yes"
1310,"Yes"
2673,"No"
1251,"Yes"
2916,"No"
853,"Yes"
1490,"Yes"
2249,"No"
1874,"Yes"
212,"No"
2754,"Yes"
2255,"Yes"
2886,"No"
1320,"No"
2700,"No"
2173,"Yes"
602,"No"
2448,"Yes"
1901,"Yes"
2481,"No"
851,"No"
2666,"Yes"
598,"Yes"
1323,"Yes"
1351,"Yes"
2492,"Yes"
555,"Yes"
1670,"Yes"
967,"No"
2178,"No"
2490,"No"
2326,"No"
1047,"No"
1663,"Yes"
928,"Yes"
1069,"Yes"
634,"No"
1937,"No"
1445,"No"
2148,"Yes"
1341,"No"
1452,"No"
1495,"No"
2275,"Yes"
2019,"No"
951,"Yes"
865,"Yes"
2787,"No"
2849,"Yes"
199,"Yes"
701,"Yes"
950,"No"
2154,"Yes"
48,"Yes"
1879,"No"
592,"No"
2240,"No"
11,"No"
159,"Yes"
1359,"No"
2788,"Yes"
2028,"No"
1619,"No"
2678,"No"
2744,"No"
237,"No"
940,"No"
2090,"No"
1470,"No"
2890,"No"
645,"Yes"
152,"Yes"
324,"No"
2040,"Yes"
762,"Yes"
1123,"No"
712,"Yes"
1184,"Yes"
2489,"No"
2303,"Yes"
2112,"No"
757,"No"
657,"No"
459,"No"
797,"No"
1551,"No"
2357,"Yes"
388,"No"
1081,"Yes"
2764,"Yes"
2086,"No"
2413,"No"
1951,"No"
510,"Yes"
2727,"No"
1233,"No"
321,"Yes"
1783,"Yes"
2996,"Yes"
2026,"Yes"
350,"No"
1349,"No"
408,"Yes"
1480,"No"
2629,"No"
1422,"Yes"
2008,"No"
1105,"No"
1621,"Yes"
1557,"No"
2037,"No"
1563,"No"
453,"Yes"
2559,"No"
791,"Yes"
1651,"No"
1271,"No"
1284,"Yes"
2651,"Yes"
2000,"No"
464,"Yes"
467,"Yes"
1331,"Yes"
927,"Yes"
1837,"Yes"
557,"Yes"
727,"No"
1893,"No"
2412,"No"
1960,"No"
1963,"Yes"
2867,"Yes"
2060,"No"
231,"Yes"
2368,"Yes"
113,"Yes"
1333,"Yes"
2689,"No"
1205,"Yes"
1754,"Yes"
2429,"No"
859,"No"
2855,"No"
2176,"Yes"
694,"No"
298,"Yes"
2917,"Yes"
397,"Yes"
2135,"Yes"
1066,"Yes"
1408,"No"
696,"Yes"
539,"Yes"
1655,"No"
1394,"No"
2746,"Yes"
2713,"Yes"
2383,"No"
1782,"No"
116,"No"
561,"No"
1875,"Yes"
2923,"Yes"
2458,"Yes"
1826,"Yes"
2546,"No"
49,"Yes"
91,"No"
2953,"No"
1347,"Yes"
306,"Yes"
519,"No"
1514,"Yes"
1521,"Yes"
1911,"Yes"
2848,"Yes"
2702,"No"
204,"Yes"
157,"Yes"
61,"No"
1344,"Yes"
1153,"No"
504,"Yes"
2205,"Yes"
1131,"Yes"
1319,"No"
2207,"No"
1858,"No"
953,"No"
2068,"No"
1839,"Yes"
1921,"Yes"
2418,"No"
946,"Yes"
2270,"No"
403,"No"
1980,"No"
923,"Yes"
756,"No"
2696,"No"
2092,"No"
191,"Yes"
4,"No"
77,"Yes"
2786,"No"
277,"Yes"
97,"No"
2866,"No"
911,"Yes"
1022,"No"
90,"Yes"
2400,"Yes"
2384,"No"
961,"No"
2392,"No"
2623,"No"
2322,"Yes"
2553,"Yes"
2381,"No"
1908,"Yes"
2537,"No"
250,"Yes"
2452,"Yes"
1675,"Yes"
1099,"Yes"
331,"Yes"
427,"No"
2960,"Yes"
1165,"No"
2869,"Yes"
914,"No"
717,"No"
38,"No"
2330,"Yes"
2199,"Yes"
190,"Yes"
751,"Yes"
448,"Yes"
2267,"Yes"
2282,"No"
2196,"No"
2609,"No"
37,"Yes"
2038,"Yes"
2818,"No"
1602,"No"
896,"Yes"
910,"Yes"
2755,"No"
2586,"No"
1419,"No"
980,"No"
1353,"No"
1447,"No"
273,"Yes"
2151,"Yes"
820,"Yes"
1167,"No"
1459,"Yes"
1316,"No"
1050,"Yes"
785,"No"
702,"No"
1318,"Yes"
391,"Yes"
2793,"Yes"
653,"No"
774,"Yes"
1634,"No"
2428,"No"
2815,"No"
1576,"No"
2425,"No"
638,"Yes"
2169,"No"
2811,"No"
2065,"No"
1156,"No"
276,"Yes"
2622,"No"
1250,"No"
1638,"Yes"
2627,"No"
1268,"Yes"
1580,"Yes"
1811,"Yes"
1087,"Yes"
364,"Yes"
2043,"Yes"
1753,"No"
733,"Yes"
315,"No"
2055,"Yes"
2545,"Yes"
2403,"No"
2361,"No"
2321,"Yes"
2994,"Yes"
2078,"Yes"
1823,"No"
1352,"No"
1806,"Yes"
1270,"No"
1093,"No"
2261,"No"
1191,"No"
3,"No"
605,"No"
2123,"No"
2404,"No"
151,"Yes"
494,"Yes"
2565,"No"
2402,"Yes"
491,"Yes"
1665,"Yes"
292,"No"
2691,"Yes"
130,"No"
2447,"Yes"
763,"No"
2355,"No"
1468,"No"
604,"Yes"
2557,"No"
1372,"No"
2464,"No"
2137,"No"
490,"No"
2124,"No"
2752,"No"
2679,"No"
626,"No"
752,"No"
1391,"No"
1659,"No"
1441,"No"
1231,"No"
484,"No"
2938,"Yes"
2966,"No"
2728,"Yes"
1649,"Yes"
913,"No"
808,"No"
1816,"No"
534,"No"
2167,"No"
2441,"No"
2288,"Yes"
1052,"No"
1715,"No"
169,"No"
2409,"No"
698,"No"
935,"No"
1161,"No"
2875,"No"
1662,"Yes"
2530,"No"
622,"No"
1146,"No"
1406,"Yes"
1,"No"
443,"Yes"
945,"No"
2129,"No"
570,"Yes"
416,"No"
2523,"Yes"
1346,"No"
1709,"Yes"
343,"No"
977,"No"
2701,"Yes"
1726,"No"
2457,"No"
1658,"No"
1008,"No"
861,"No"
1289,"No"
2366,"No"
2304,"No"
1109,"Yes"
1149,"No"
1442,"No"
652,"Yes"
944,"Yes"
2769,"No"
1269,"No"
1196,"No"
1163,"No"
2459,"Yes"
1913,"Yes"
2660,"No"
1571,"Yes"
2630,"No"
806,"Yes"
414,"Yes"
1881,"No"
1382,"No"
2639,"No"
925,"Yes"
1028,"Yes"
632,"Yes"
1179,"Yes"
316,"No"
1456,"Yes"
529,"Yes"
1585,"Yes"
722,"No"
338,"No"
56,"Yes"
2393,"Yes"
208,"No"
166,"No"
101,"Yes"
885,"Yes"
888,"Yes"
1699,"No"
678,"No"
2950,"No"
2259,"No"
205,"Yes"
353,"No"
1212,"Yes"
2993,"No"
1479,"Yes"
1707,"No"
613,"No"
998,"No"
2862,"Yes"
2860,"No"
636,"Yes"
1954,"Yes"
2789,"Yes"
2066,"No"
714,"No"
1922,"Yes"
2339,"No"
2850,"No"
482,"No"
2600,"Yes"
2644,"No"
239,"Yes"
2002,"Yes"
473,"Yes"
965,"No"
179,"No"
887,"Yes"
576,"No"
599,"Yes"
2893,"No"
1236,"No"
1528,"No"
1684,"Yes"
1798,"Yes"
1024,"No"
1117,"No"
1292,"No"
2803,"No"
1089,"No"
1687,"Yes"
2513,"Yes"
718,"No"
1332,"Yes"
732,"No"
1773,"Yes"
734,"Yes"
1740,"No"
2997,"No"
2635,"Yes"
850,"No"
2110,"No"
1928,"Yes"
2605,"Yes"
2316,"No"
2256,"Yes"
1852,"Yes"
1664,"Yes"
395,"No"
1305,"Yes"
618,"No"
2642,"Yes"
495,"Yes"
2645,"No"
831,"No"
129,"Yes"
731,"No"
384,"No"
646,"No"
2939,"No"
846,"No"
1607,"Yes"
259,"Yes"
2636,"Yes"
1999,"No"
764,"Yes"
2838,"No"
100,"No"
2372,"No"
70,"No"
1989,"No"
1545,"No"
2863,"Yes"
1952,"Yes"
1377,"No"
2362,"No"
739,"Yes"
1641,"No"
515,"Yes"
1861,"No"
1014,"No"
216,"Yes"
1817,"No"
542,"No"
78,"No"
2870,"Yes"
852,"Yes"
2474,"No"
1535,"No"
1039,"Yes"
2831,"No"
2244,"Yes"
1559,"Yes"
386,"No"
2894,"No"
1685,"Yes"
845,"No"
672,"Yes"
1416,"No"
654,"Yes"
214,"Yes"
1287,"No"
788,"No"
2460,"No"
2509,"No"
723,"No"
2986,"Yes"
2417,"No"
1139,"No"
2549,"No"
221,"Yes"
1174,"No"
497,"No"
2872,"Yes"
2723,"Yes"
2329,"No"
552,"No"
1647,"Yes"
2374,"No"
1739,"No"
22,"No"
1243,"Yes"
2181,"No"
2016,"No"
2520,"No"
1176,"No"
509,"No"
2487,"No"
2147,"Yes"
890,"No"
182,"Yes"
2590,"No"
697,"No"
799,"Yes"
136,"No"
524,"No"
2737,"No"
1906,"Yes"
2160,"No"
2264,"No"
83,"Yes"
2710,"Yes"
1942,"No"
2854,"Yes"
2654,"No"
1628,"Yes"
2581,"Yes"
2387,"No"
2611,"No"
1112,"No"
2954,"No"
44,"No"
942,"No"
2958,"No"
2379,"No"
1114,"Yes"
2528,"No"
2912,"Yes"
1517,"No"
2602,"Yes"
1642,"No"
2375,"Yes"
1343,"Yes"
1856,"No"
957,"No"
728,"No"
879,"No"
1027,"Yes"
1914,"No"
1746,"No"
2299,"No"
893,"Yes"
404,"No"
547,"No"
1975,"Yes"
995,"No"
1472,"No"
798,"Yes"
1020,"No"
1475,"No"
1600,"No"
1769,"No"
2922,"No"
2940,"No"
373,"No"
2536,"Yes"
2415,"Yes"
1846,"No"
2309,"No"
2655,"Yes"
1994,"No"
1211,"No"
782,"No"
1682,"No"
884,"No"
18,"No"
2453,"Yes"
2659,"No"
1532,"No"
894,"Yes"
1375,"No"
366,"No"
287,"Yes"
1527,"Yes"
1583,"No"
1296,"No"
2658,"Yes"
466,"No"
1853,"No"
2035,"Yes"
1208,"No"
969,"No"
1796,"No"
1177,"Yes"
1043,"No"
667,"No"
2045,"Yes"
2237,"No"
1833,"No"
1075,"Yes"
2992,"No"
2661,"No"
1609,"No"
410,"No"
1471,"No"
1674,"No"
2340,"No"
68,"No"
2352,"Yes"
1201,"Yes"
2664,"No"
2711,"No"
773,"Yes"
2589,"Yes"
34,"Yes"
631,"Yes"
684,"No"
2226,"No"
361,"Yes"
608,"No"
2748,"No"
2296,"Yes"
2570,"No"
1686,"No"
2676,"Yes"
1519,"No"
1267,"No"
1467,"Yes"
1016,"Yes"
1784,"No"
1398,"No"
1542,"No"
127,"No"
1242,"No"
2214,"No"
2350,"Yes"
907,"Yes"
1283,"No"
740,"No"
337,"Yes"
2534,"Yes"
2929,"No"
855,"No"
857,"Yes"
1210,"No"
470,"No"
1071,"Yes"
1680,"No"
2394,"No"
1548,"No"
1426,"Yes"
1834,"No"
2683,"Yes"
978,"Yes"
2253,"Yes"
1240,"No"
1949,"No"
2242,"Yes"
630,"No"
829,"No"
2765,"Yes"
382,"Yes"
1582,"No"
1637,"Yes"
516,"No"
132,"Yes"
1144,"No"
307,"No"
841,"No"
2386,"No"
2217,"Yes"
356,"No"
1350,"No"
1865,"Yes"
1315,"Yes"
2353,"No"
66,"Yes"
308,"No"
597,"Yes"
2027,"No"
213,"Yes"
2245,"No"
1026,"No"
1598,"No"
88,"No"
2957,"No"
1828,"Yes"
1932,"No"
575,"Yes"
207,"No"
1900,"No"
1404,"Yes"
1338,"No"
813,"No"
2904,"No"
2569,"Yes"
2241,"Yes"
224,"Yes"
726,"No"
2895,"No"
1373,"No"
442,"No"
431,"Yes"
517,"No"
1321,"No"
294,"No"
903,"No"
2230,"No"
1667,"No"
1293,"Yes"
1155,"No"
325,"No"
746,"Yes"
2004,"No"
274,"Yes"
915,"Yes"
413,"No"
573,"Yes"
1090,"Yes"
1335,"No"
1427,"Yes"
1541,"Yes"
2511,"No"
137,"No"
970,"No"
1402,"Yes"
2784,"No"
1088,"No"
74,"No"
1640,"No"
2115,"No"
425,"No"
1889,"No"
424,"No"
2018,"No"
2144,"No"
203,"No"
1101,"Yes"
2839,"No"
898,"No"
1241,"No"
2161,"No"
1537,"No"
856,"No"
51,"No"
1925,"No"
620,"Yes"
1507,"No"
2164,"Yes"
352,"Yes"
2080,"No"
1051,"No"
186,"No"
1013,"No"
271,"Yes"
25,"No"
1029,"No"
2779,"No"
426,"No"
2331,"No"
1365,"Yes"
952,"No"
469,"No"
2034,"Yes"
2517,"No"
628,"No"
1760,"No"
2096,"Yes"
1716,"No"
1741,"No"
1403,"No"
2598,"Yes"
873,"No"
2540,"No"
649,"No"
2751,"Yes"
1132,"Yes"
1945,"Yes"
1374,"No"
1737,"No"
2946,"Yes"
419,"Yes"
1992,"No"
637,"Yes"
2716,"No"
1708,"No"
2233,"No"
230,"No"
1700,"Yes"
2408,"Yes"
2470,"Yes"
2349,"Yes"
233,"No"
1084,"No"
2837,"No"
2564,"No"
2694,"Yes"
520,"Yes"
2680,"No"
1111,"Yes"
2219,"No"
1909,"Yes"
502,"Yes"
772,"No"
253,"Yes"
1121,"No"
1761,"No"
1793,"Yes"
900,"No"
839,"No"
2059,"No"
1854,"No"
2071,"Yes"
2571,"No"
673,"Yes"
1168,"Yes"
931,"Yes"
2688,"Yes"
1007,"Yes"
211,"No"
655,"No"
2062,"Yes"
2552,"No"
2195,"No"
675,"No"
458,"No"
1876,"Yes"
2603,"No"
2047,"No"
1691,"No"
2768,"Yes"
584,"Yes"
2822,"Yes"
2578,"Yes"
2391,"Yes"
2058,"No"
1987,"No"
2675,"No"
27,"No"
974,"No"
578,"No"
2432,"No"
1978,"Yes"
2729,"Yes"
385,"No"
2155,"No"
2883,"No"
1538,"Yes"
908,"No"
2281,"Yes"
1719,"No"
1498,"Yes"
629,"No"
1775,"No"
2924,"No"
1401,"No"
633,"Yes"
2936,"No"
1006,"No"
924,"No"
2842,"Yes"
163,"No"
2584,"Yes"
2211,"No"
392,"Yes"
1959,"Yes"
2157,"Yes"
2294,"Yes"
2999,"Yes"
194,"No"
1891,"No"
2743,"Yes"
651,"No"
1064,"Yes"
1157,"Yes"
1433,"No"
2298,"Yes"
1500,"No"
2003,"No"
2399,"Yes"
2824,"No"
2682,"Yes"
102,"Yes"
138,"Yes"
882,"No"
40,"Yes"
2747,"No"
242,"Yes"
2083,"No"
2082,"Yes"
2796,"No"
340,"Yes"
2529,"Yes"
451,"No"
2843,"Yes"
1063,"No"
661,"Yes"
2825,"Yes"
1929,"Yes"
877,"Yes"
1567,"No"
2739,"Yes"
2213,"Yes"
794,"No"
154,"Yes"
2258,"Yes"
1417,"Yes"
1824,"No"
2422,"No"
462,"No"
2338,"No"
2956,"No"
771,"Yes"
627,"No"
1718,"No"
1985,"No"
2373,"Yes"
2524,"No"
1632,"No"
2558,"No"
1072,"Yes"
1810,"Yes"
647,"No"
2462,"No"
2406,"No"
2892,"Yes"
283,"No"
2106,"No"
2359,"No"
2670,"No"
1379,"No"
225,"Yes"
2897,"Yes"
1690,"No"
1851,"Yes"
2851,"No"
1499,"Yes"
2965,"No"
973,"No"
569,"No"
92,"Yes"
1107,"No"
619,"Yes"
1366,"No"
2354,"No"
342,"Yes"
2551,"No"
280,"No"
2823,"Yes"
290,"No"
1223,"No"
2733,"No"
2735,"No"
2315,"Yes"
2792,"Yes"
1838,"No"
2715,"No"
1702,"No"
1276,"No"
1574,"Yes"
1355,"No"
541,"No"
1880,"No"
972,"No"
556,"Yes"
1656,"No"
1046,"Yes"
227,"Yes"
26,"Yes"
2108,"No"
2284,"No"
46,"No"
1772,"Yes"
1964,"No"
2506,"Yes"
2840,"No"
525,"Yes"
2182,"Yes"
2976,"Yes"
2575,"Yes"
2930,"No"
107,"No"
983,"No"
422,"Yes"
2812,"No"
1065,"No"
1481,"No"
10,"No"
916,"Yes"
568,"Yes"
2419,"No"
1827,"Yes"
1771,"Yes"
1734,"Yes"
293,"No"
2014,"Yes"
975,"No"
2099,"No"
1249,"No"
1304,"No"
1330,"No"
217,"Yes"
67,"No"
2541,"No"
2009,"Yes"
501,"Yes"
1300,"No"
2880,"Yes"
234,"No"
994,"No"
1725,"Yes"
780,"No"
2188,"Yes"
1522,"No"
1593,"No"
1186,"No"
421,"Yes"
1094,"No"
87,"Yes"
1802,"No"
269,"No"
826,"Yes"
164,"No"
2494,"Yes"
1681,"Yes"
1529,"No"
2816,"Yes"
447,"Yes"
1584,"No"
160,"No"
1415,"No"
1799,"No"
82,"No"
941,"Yes"
383,"Yes"
2484,"No"
658,"Yes"
1870,"No"
2423,"No"
430,"No"
1317,"No"
260,"No"
959,"No"
1568,"No"
376,"Yes"
1145,"Yes"
2084,"Yes"
1866,"No"
1887,"No"
966,"Yes"
1830,"No"
2197,"No"
2554,"No"
1214,"No"
2500,"No"
2596,"No"
180,"Yes"
1195,"Yes"
2502,"No"
2463,"No"
1279,"No"
328,"Yes"
1588,"No"
1745,"No"
1955,"Yes"
2337,"No"
1803,"No"
2141,"No"
2925,"No"
2005,"No"
1626,"No"
2483,"No"
1872,"Yes"
2861,"No"
2550,"Yes"
707,"No"
1265,"Yes"
2568,"No"
670,"Yes"
41,"No"
721,"No"
2955,"Yes"
1701,"No"
268,"No"
206,"No"
351,"No"
1979,"Yes"
2544,"No"
2577,"No"
118,"Yes"
615,"No"
2493,"No"
2775,"No"
2290,"Yes"
2246,"No"
1930,"No"
1151,"No"
1147,"Yes"
1777,"No"
1766,"No"
2647,"No"
2648,"No"
1037,"No"
2580,"No"
16,"Yes"
1329,"No"
275,"Yes"
2948,"No"
1234,"No"
1570,"Yes"
2876,"No"
1209,"Yes"
1119,"Yes"
1815,"No"
2271,"Yes"
821,"No"
895,"No"
937,"No"
115,"No"
1256,"No"
917,"No"
2614,"No"
2482,"Yes"
1757,"Yes"
1378,"No"
1972,"No"
1630,"No"
2102,"Yes"
1368,"No"
2121,"Yes"
354,"Yes"
2646,"No"
1947,"Yes"
2095,"Yes"
1044,"Yes"
2833,"No"
2604,"No"
341,"No"
1759,"Yes"
1883,"No"
1516,"No"
1676,"Yes"
2426,"Yes"
1974,"No"
1376,"No"
1494,"No"
938,"No"
2163,"Yes"
2145,"Yes"
1414,"Yes"
7,"No"
1259,"No"
1159,"No"
1934,"No"
660,"No"
2782,"No"
1502,"Yes"
1566,"No"
804,"No"
2371,"Yes"
872,"Yes"
2376,"Yes"
685,"No"
2036,"No"
2961,"No"
2063,"No"
1814,"Yes"
2579,"Yes"
2770,"No"
2138,"No"
282,"Yes"
1624,"No"
909,"Yes"
2265,"No"
2753,"No"
2446,"Yes"
1095,"No"
1752,"No"
1990,"No"
249,"No"
444,"No"
2721,"Yes"
876,"No"
2973,"No"
901,"Yes"
2085,"Yes"
1898,"No"
1253,"No"
1669,"Yes"
1328,"No"
1692,"Yes"
313,"No"
989,"No"
1306,"No"
369,"Yes"
2947,"No"
262,"Yes"
2015,"No"
2977,"No"
2507,"No"
1722,"Yes"
2232,"No"
1723,"No"
1451,"Yes"
527,"No"
2103,"No"
2295,"Yes"
435,"Yes"
5,"Yes"
439,"No"
1080,"No"
258,"No"
1476,"Yes"
2198,"No"
784,"No"
1678,"No"
2621,"No"
326,"Yes"
1336,"Yes"
1961,"Yes"
1086,"No"
2427,"No"
156,"No"
743,"Yes"
1005,"No"
596,"No"
1202,"Yes"
912,"No"
24,"No"
2624,"Yes"
357,"Yes"
1461,"No"
2140,"Yes"
1257,"Yes"
333,"No"
1561,"Yes"
185,"Yes"
2286,"No"
2202,"Yes"
2989,"No"
263,"Yes"
2380,"Yes"
1263,"Yes"
954,"Yes"
94,"No"
1036,"Yes"
1345,"Yes"
593,"Yes"
1437,"No"
1855,"No"
2476,"No"
2223,"Yes"
2052,"No"
2918,"No"
2757,"Yes"
2968,"No"
986,"No"
2503,"Yes"
2466,"Yes"
662,"Yes"
1820,"No"
2543,"No"
1424,"No"
1060,"No"
86,"No"
1170,"No"
1125,"No"
1927,"No"
2791,"No"
161,"Yes"
2899,"No"
1160,"No"
2266,"No"
2044,"No"
2625,"No"
2158,"Yes"
2172,"Yes"
926,"No"
2194,"No"
1787,"No"
1199,"No"
2911,"Yes"
640,"Yes"
1577,"Yes"
2734,"No"
488,"No"
2133,"Yes"
1916,"No"
1885,"No"
1695,"Yes"
2486,"Yes"
985,"No"
962,"No"
2175,"Yes"
2,"No"
1553,"No"
2206,"No"
1254,"No"
1788,"No"
1193,"No"
725,"No"
1274,"No"
173,"No"
949,"No"
1175,"Yes"
2931,"Yes"
2868,"No"
1194,"Yes"
121,"Yes"
1103,"No"
2118,"No"
1613,"No"
1286,"Yes"
824,"No"
1727,"No"
1970,"Yes"
286,"No"
2116,"No"
1603,"Yes"
2454,"No"
1967,"No"
1703,"Yes"
2705,"No"
2501,"Yes"
1496,"No"
1150,"No"
272,"No"
1774,"Yes"
2332,"No"
1767,"Yes"
2319,"No"
1871,"No"
2442,"No"
2465,"No"
554,"No"
1604,"No"
437,"Yes"
1418,"Yes"
2910,"Yes"
406,"No"
1273,"Yes"
2348,"No"
498,"No"
823,"Yes"
200,"No"
471,"No"
1842,"Yes"
1864,"Yes"
215,"No"
1539,"No"
1434,"Yes"
2830,"No"
2628,"No"
1443,"Yes"
612,"Yes"
1221,"Yes"
2704,"No"
362,"No"
549,"Yes"
2113,"Yes"
1953,"Yes"
2617,"Yes"
109,"No"
2794,"No"
713,"No"
2389,"Yes"
1285,"Yes"
809,"No"
1122,"No"
2722,"Yes"
2313,"Yes"
1135,"No"
128,"No"
899,"Yes"
783,"Yes"
1262,"Yes"
1034,"Yes"
775,"No"
1946,"Yes"
2385,"Yes"
2526,"Yes"
1614,"Yes"
1645,"Yes"
1825,"Yes"
2430,"No"
2608,"Yes"
603,"Yes"
1136,"Yes"
530,"No"
2927,"Yes"
2236,"No"
2874,"No"
753,"No"
776,"Yes"
2514,"No"
2450,"No"
1950,"No"
105,"No"
2731,"Yes"
1238,"No"
59,"No"
2305,"No"
665,"No"
2697,"No"
1290,"No"
368,"Yes"
1829,"No"
1171,"No"
611,"Yes"
528,"No"
2076,"No"
2827,"No"
2515,"No"
2081,"No"
2433,"No"
2130,"No"
2724,"No"
264,"No"
2109,"No"
2388,"No"
456,"No"
2516,"No"
2612,"No"
616,"No"
922,"Yes"
2347,"No"
210,"Yes"
2878,"No"
2795,"No"
2042,"Yes"
2434,"Yes"
1785,"Yes"
1464,"Yes"
2407,"Yes"
2959,"No"
1595,"No"
2187,"Yes"
1850,"No"
1409,"No"
80,"Yes"
1405,"No"
1252,"No"
2637,"No"
738,"Yes"
2967,"No"
1983,"Yes"
1868,"No"
188,"No"
1291,"No"
339,"Yes"
2170,"No"
1599,"Yes"
2072,"Yes"
305,"No"
1779,"Yes"
1841,"No"
1298,"No"
1229,"Yes"
1399,"No"
457,"No"
2826,"No"
2888,"Yes"
1062,"No"
241,"Yes"
1477,"No"
1116,"Yes"
1688,"No"
551,"Yes"
1549,"No"
1178,"No"
1497,"Yes"
1805,"Yes"
2800,"No"
1004,"Yes"
1478,"Yes"
842,"No"
8,"No"
1407,"No"
704,"No"
2333,"No"
1807,"No"
1465,"No"
2560,"No"
2345,"No"
1962,"No"
1348,"Yes"
1049,"Yes"
1303,"No"
1204,"No"
1941,"No"
511,"No"
2497,"No"
505,"Yes"
2937,"No"
349,"Yes"
1525,"No"
2356,"No"
15,"Yes"
2401,"Yes"
1721,"Yes"
378,"Yes"
393,"Yes"
1278,"Yes"
1048,"No"
2521,"No"
2773,"Yes"
1633,"No"
832,"No"
400,"No"
150,"Yes"
1534,"No"
711,"No"
566,"No"
1622,"No"
358,"Yes"
512,"Yes"
441,"No"
2467,"No"
2555,"No"
243,"No"
1958,"Yes"
2606,"No"
2709,"No"
1200,"Yes"
2436,"Yes"
2902,"No"
2907,"Yes"
523,"Yes"
1508,"No"
1808,"No"
389,"Yes"
1115,"No"
2365,"No"
992,"No"
2750,"Yes"
2301,"No"
624,"Yes"
2638,"Yes"
904,"No"
1683,"Yes"
956,"Yes"
2152,"Yes"
42,"Yes"
2342,"No"
758,"No"
1011,"No"
1491,"Yes"
2308,"Yes"
943,"No"
1458,"Yes"
1933,"Yes"
521,"No"
2209,"Yes"
920,"No"
2681,"No"
2067,"No"
1453,"Yes"
1035,"Yes"
715,"Yes"
1712,"No"
2508,"No"
2006,"No"
571,"No"
1326,"No"
2981,"No"
1589,"Yes"
2238,"Yes"
1067,"No"
1556,"Yes"
2525,"Yes"
1993,"No"
1104,"Yes"
2548,"No"
531,"Yes"
1260,"Yes"
1182,"Yes"
2742,"No"
371,"No"
438,"No"
1220,"Yes"
394,"No"
1058,"Yes"
1015,"No"
1367,"Yes"
2327,"No"
2234,"Yes"
1791,"Yes"
142,"No"
89,"No"
162,"No"
699,"Yes"
1679,"Yes"
335,"No"
2783,"No"
2667,"No"
2411,"Yes"
558,"No"
2091,"No"
2766,"No"
228,"No"
252,"Yes"
1924,"Yes"
1896,"No"
432,"Yes"
1819,"No"
126,"Yes"
2587,"Yes"
2585,"No"
543,"No"
2485,"Yes"
2049,"Yes"
2285,"No"
1765,"Yes"
1907,"No"
2588,"No"
183,"Yes"
2607,"No"
1736,"No"
1587,"No"
1032,"No"
2859,"No"
2672,"Yes"
2263,"No"
692,"No"
2252,"Yes"
2504,"Yes"
1228,"No"
2499,"No"
2776,"Yes"
500,"Yes"
1660,"No"
170,"Yes"
1918,"No"
1432,"Yes"
708,"Yes"
2626,"Yes"
95,"No"
145,"No"
1698,"No"
1102,"No"
1617,"No"
761,"No"
2134,"Yes"
1421,"No"
2477,"No"
1389,"Yes"
1057,"Yes"
209,"No"
125,"No"
2669,"No"
2325,"No"
2204,"Yes"
585,"Yes"
1073,"No"
2031,"No"
1555,"No"
1079,"Yes"
508,"No"
79,"No"
810,"No"
1610,"No"
2865,"No"
790,"No"
765,"No"
814,"No"
565,"No"
2293,"Yes"
1812,"Yes"
9,"Yes"
483,"Yes"
499,"Yes"
2832,"Yes"
2640,"No"
2370,"No"
314,"No"
360,"No"
648,"Yes"
1158,"Yes"
2097,"No"
1380,"Yes"
2980,"No"
1758,"No"
2531,"Yes"
2720,"Yes"
2056,"Yes"
1420,"No"
1002,"No"
2972,"Yes"
827,"No"
760,"Yes"
261,"No"
641,"No"
2479,"Yes"
407,"Yes"
2665,"Yes"
730,"No"
1849,"No"
2421,"Yes"
2615,"Yes"
2343,"No"
1531,"No"
2900,"Yes"
1473,"No"
1905,"Yes"
1363,"No"
1813,"No"
1668,"No"
2291,"Yes"
30,"No"
2443,"No"
2730,"No"
122,"Yes"
2632,"Yes"
1747,"No"
1216,"Yes"
2643,"No"
245,"Yes"
2518,"Yes"
2126,"Yes"
1804,"No"
474,"No"
1800,"No"
285,"No"
934,"No"
2341,"Yes"
1809,"No"
921,"No"
1288,"Yes"
2952,"No"
2778,"No"
1235,"No"
1361,"Yes"
55,"No"
2618,"No"
229,"Yes"
2268,"No"
1325,"No"
2563,"No"
2225,"Yes"
304,"Yes"
800,"No"
2183,"Yes"
659,"No"
2677,"No"
889,"No"
897,"No"
147,"Yes"
2087,"No"
401,"No"
1237,"No"
1988,"Yes"
601,"No"
2703,"No"
936,"Yes"
681,"No"
2119,"No"
724,"No"
706,"No"
195,"No"
679,"Yes"
2964,"Yes"
680,"No"
902,"No"
582,"No"
2649,"Yes"
778,"No"
134,"Yes"
62,"Yes"
463,"Yes"
57,"Yes"
120,"Yes"
518,"Yes"
546,"No"
2539,"No"
1847,"No"
2382,"No"
2227,"No"
1282,"No"
2896,"Yes"
1755,"Yes"
2420,"No"
742,"No"
999,"No"
2905,"Yes"
2222,"Yes"
2314,"Yes"
537,"No"
1429,"No"
53,"Yes"
666,"No"
1550,"No"
1311,"Yes"
2522,"No"
420,"No"
110,"No"
2351,"No"
1181,"No"
770,"No"
2191,"No"
2029,"No"
1218,"No"
2248,"Yes"
2801,"Yes"
81,"No"
2336,"Yes"
1575,"No"
2995,"Yes"
2107,"Yes"
2311,"Yes"
2714,"No"
20,"No"
656,"Yes"
2070,"No"
2150,"No"
963,"Yes"
1558,"Yes"
550,"Yes"
1061,"Yes"
348,"No"
768,"No"
1878,"No"
1138,"Yes"
2041,"No"
1895,"Yes"
2212,"No"
700,"Yes"
2437,"Yes"
1245,"No"
255,"No"
171,"No"
23,"Yes"
365,"Yes"
1462,"Yes"
610,"Yes"
2289,"No"
1890,"No"
1735,"No"
2576,"No"
2203,"Yes"
310,"No"
1509,"No"
168,"No"
1612,"No"
329,"No"
1137,"Yes"
1768,"No"
1113,"Yes"
2527,"Yes"
1091,"No"
2131,"Yes"
1128,"Yes"
1078,"No"
2021,"No"
2991,"No"
1010,"No"
2215,"Yes"
288,"No"
1886,"Yes"
1618,"No"
2909,"No"
567,"No"
336,"No"
2344,"Yes"
299,"No"
197,"Yes"
472,"No"
1307,"No"
2414,"Yes"
2535,"No"
45,"No"
1294,"No"
1650,"No"
2740,"Yes"
1019,"Yes"
687,"No"
1486,"Yes"
1000,"Yes"
2828,"No"
2053,"No"
1926,"Yes"
1395,"Yes"
284,"No"
1454,"No"
193,"No"
1965,"No"
1030,"No"
833,"Yes"
155,"No"
2358,"No"
1482,"No"
433,"No"
1012,"Yes"
1198,"Yes"
415,"No"
1386,"No"
2300,"Yes"
114,"Yes"
2269,"No"
2011,"No"
777,"Yes"
1197,"No"
1313,"No"
1697,"No"
1635,"Yes"
14,"Yes"
2741,"No"
247,"No"
828,"Yes"
1671,"No"
1706,"No"
2438,"No"
303,"Yes"
2821,"No"
2809,"No"
2845,"No"
2142,"No"
449,"No"
2310,"No"
1152,"No"
1510,"Yes"
1141,"No"
2498,"No"
1183,"No"
2772,"Yes"
2759,"Yes"
735,"Yes"
1764,"Yes"
1339,"Yes"
863,"No"
487,"No"
1693,"No"
71,"No"
1540,"Yes"
2335,"Yes"
1362,"Yes"
2455,"Yes"
1822,"No"
1738,"No"
6,"No"
2287,"No"
2416,"No"
574,"Yes"
1792,"No"
815,"Yes"
1562,"Yes"
1892,"Yes"
2856,"No"
2274,"No"
958,"No"
1108,"No"
1474,"Yes"
2292,"Yes"
2719,"No"
705,"No"
1411,"Yes"
380,"No"
2891,"No"
1357,"Yes"
270,"Yes"
2054,"No"
2120,"No"
2210,"Yes"
1969,"Yes"
1648,"Yes"
2317,"Yes"
1045,"Yes"
278,"Yes"
866,"No"
886,"No"
2990,"Yes"
688,"No"
254,"Yes"
178,"No"
1518,"Yes"
971,"Yes"
1431,"No"
2136,"Yes"
749,"Yes"
1625,"No"
2098,"Yes"
793,"No"
29,"Yes"
990,"Yes"
1957,"No"
874,"No"
1309,"No"
1275,"Yes"
2224,"Yes"
1605,"No"
2480,"No"
1984,"No"
2987,"Yes"
507,"No"
1888,"No"
1966,"No"
745,"No"
955,"Yes"
1948,"Yes"
677,"Yes"
2243,"No"
819,"No"
1070,"No"
2193,"Yes"
104,"No"
1314,"No"
2686,"No"
1863,"Yes"
2456,"No"
149,"No"
124,"Yes"
2491,"No"
1597,"No"
932,"No"
2806,"No"
991,"No"
35,"No"
844,"No"
2156,"No"
560,"No"
2836,"No"
2048,"No"
2595,"No"
1590,"Yes"
2708,"No"
31,"No"
2592,"Yes"
1295,"Yes"
609,"No"
309,"Yes"
1230,"Yes"
2257,"No"
2687,"Yes"
744,"Yes"
2829,"No"
2920,"No"
1710,"No"
2276,"No"
445,"Yes"
257,"No"
2364,"Yes"
858,"Yes"
1261,"Yes"
1227,"Yes"
2139,"No"
140,"No"
847,"No"
1297,"No"
2101,"No"
1397,"No"
2738,"No"
2712,"No"
2114,"Yes"
1770,"No"
2984,"No"
84,"No"
492,"Yes"
2871,"No"
1750,"No"
1083,"No"
2025,"No"
811,"Yes"
533,"No"
2887,"Yes"
1620,"Yes"
830,"No"
2495,"No"
2718,"No"
748,"Yes"
1744,"No"
39,"Yes"
2650,"Yes"
1501,"Yes"
683,"No"
1436,"Yes"
2771,"No"
1569,"No"
2963,"No"
1743,"Yes"
1616,"No"
1623,"No"
2023,"No"
318,"No"
1661,"Yes"
1639,"No"
2435,"No"
1996,"Yes"
506,"No"
2725,"No"
796,"No"
2439,"No"
2926,"Yes"
2975,"Yes"
2262,"No"
2767,"Yes"
2122,"No"
2561,"Yes"
1444,"Yes"
1931,"No"
635,"No"
1469,"Yes"
1232,"No"
825,"Yes"
1301,"No"
1696,"No"
2962,"No"
2057,"Yes"
236,"Yes"
1795,"Yes"
987,"Yes"
1776,"No"
1998,"No"
479,"Yes"
577,"No"
759,"Yes"
398,"Yes"
2216,"No"
235,"No"
1082,"No"
1031,"No"
1129,"No"
2662,"Yes"
579,"No"
2970,"Yes"
2969,"Yes"
522,"Yes"
2807,"Yes"
58,"No"
2889,"No"
399,"Yes"
1976,"No"
220,"No"
2599,"Yes"
187,"Yes"
1042,"Yes"
1239,"No"
801,"No"
2077,"Yes"
1266,"Yes"
1244,"Yes"
540,"Yes"
1581,"No"
2017,"No"
1187,"No"
1526,"Yes"
184,"No"
2758,"Yes"
600,"Yes"
668,"No"
1337,"No"
2260,"No"
1986,"No"
2785,"No"
412,"Yes"
2235,"No"
1134,"Yes"
1192,"No"
805,"Yes"
1646,"No"
1653,"No"
2846,"Yes"
1356,"No"
423,"No"
1636,"No"
1835,"No"
2813,"No"
2698,"Yes"
50,"No"
1390,"No"
1751,"Yes"
2573,"Yes"
3000,"No"
754,"Yes"
345,"No"
1544,"No"
429,"No"
2652,"Yes"
1631,"No"
330,"Yes"
1724,"Yes"
2707,"No"
2805,"Yes"
2841,"No"
296,"No"
617,"Yes"
1455,"No"
1327,"No"
2914,"No"
1272,"No"
1188,"No"
367,"No"
1912,"No"
281,"No"
265,"Yes"
1169,"No"
960,"Yes"
196,"No"
979,"Yes"
2323,"No"
1672,"No"
2239,"Yes"
2873,"No"
2858,"No"
1127,"No"
1148,"No"
1334,"No"
1845,"Yes"
450,"Yes"
2562,"No"
1862,"Yes"
176,"No"
1515,"No"
1689,"Yes"
417,"Yes"
436,"Yes"
1995,"No"
781,"Yes"
1388,"No"
2817,"No"
266,"Yes"
1484,"No"
1713,"No"
1185,"Yes"
2094,"No"
1143,"No"
2254,"Yes"
320,"Yes"
43,"No"
2798,"Yes"
1106,"No"
1732,"Yes"
1859,"Yes"
1126,"Yes"
2915,"No"
1120,"No"
2693,"Yes"
223,"Yes"
880,"Yes"
2328,"No"
332,"No"
1920,"No"
2591,"Yes"
2105,"Yes"
1591,"No"
2100,"No"
1844,"No"
2179,"No"
709,"No"
1677,"No"
2616,"No"
1017,"No"
1899,"Yes"
891,"No"
2538,"No"
2013,"No"
246,"No"
1748,"Yes"
2475,"No"
251,"No"
2180,"No"
767,"No"
1596,"Yes"
595,"Yes"
1463,"Yes"
144,"No"
244,"No"
1968,"No"
174,"Yes"
607,"No"
2449,"No"
481,"No"
1790,"No"
334,"Yes"
2208,"Yes"
1098,"Yes"
1485,"Yes"
2012,"No"
526,"No"
1302,"Yes"
1840,"Yes"
589,"No"
2619,"No"
1206,"No"
1797,"Yes"
1565,"Yes"
1450,"No"
475,"No"
468,"No"
1884,"No"
240,"No"
933,"Yes"
98,"Yes"
2334,"No"
807,"No"
219,"Yes"
2695,"Yes"
2153,"Yes"
2468,"No"
1546,"No"
434,"Yes"
795,"Yes"
1943,"Yes"
2998,"Yes"
2620,"No"
2166,"No"
1154,"No"
1003,"No"
1756,"Yes"
1423,"Yes"
1219,"No"
2186,"No"
1096,"No"
2277,"Yes"
2046,"No"
2949,"Yes"
729,"No"
172,"No"
812,"Yes"
1608,"Yes"
2706,"No"
1910,"Yes"
996,"No"
52,"No"
1594,"No"
1956,"No"
1489,"No"
1794,"No"
2039,"No"
297,"No"
112,"No"
2908,"No"
2663,"No"
513,"No"
2229,"No"
1503,"No"
2864,"Yes"
1731,"No"
1077,"Yes"
686,"No"
703,"No"
1904,"Yes"
2128,"No"
1021,"No"
2318,"Yes"
411,"No"
621,"No"
1324,"No"
222,"No"
947,"No"
2978,"No"
2024,"No"
1877,"Yes"
2278,"Yes"
710,"Yes"
446,"Yes"
2445,"No"
72,"No"
96,"Yes"
868,"No"
1982,"Yes"
1629,"No"
803,"Yes"
837,"No"
1009,"No"
836,"Yes"
2162,"No"
108,"No"
226,"Yes"
2390,"No"
455,"No"
663,"No"
1505,"Yes"
2877,"No"
2177,"No"
1371,"No"
2346,"Yes"
2473,"No"
2369,"Yes"
1446,"No"
1524,"No"
741,"No"
1180,"Yes"
2050,"No"
2378,"Yes"
117,"No"
1902,"No"
1923,"Yes"
311,"No"
2297,"No"
736,"No"
418,"Yes"
143,"Yes"
1615,"No"
1173,"No"
1438,"No"
2519,"No"
1714,"No"
1657,"Yes"
1439,"No"
2684,"No"
295,"Yes"
1203,"Yes"
374,"No"
1247,"No"
133,"Yes"
2200,"Yes"
1728,"Yes"
1749,"Yes"
581,"Yes"
2496,"No"
848,"Yes"
572,"No"
1694,"No"
2231,"No"
1573,"Yes"
816,"Yes"
2797,"Yes"
2556,"Yes"
153,"No"
1074,"No"
2505,"No"
1370,"Yes"
1944,"Yes"
1536,"Yes"
878,"No"
2756,"No"
918,"No"
766,"Yes"
875,"No"
1364,"Yes"
2363,"No"
1076,"No"
440,"No"
1166,"No"
2159,"No"
2879,"Yes"
643,"Yes"
1053,"Yes"
737,"Yes"
586,"No"
1938,"No"
54,"Yes"
2280,"Yes"
2218,"No"
1189,"Yes"
148,"Yes"
493,"No"
2307,"No"
2928,"No"
202,"Yes"
2847,"Yes"
375,"No"
1523,"No"
2582,"No"
2075,"Yes"
106,"No"
2726,"No"
997,"No"
1215,"No"
99,"No"
372,"No"
535,"No"
75,"No"
2985,"Yes"
2532,"No"
489,"No"
1997,"Yes"
693,"No"
201,"No"
614,"Yes"
17,"No"
32,"Yes"
1092,"No"
2898,"Yes"
1428,"No"
1560,"No"
2030,"No"
720,"Yes"
248,"No"
2168,"Yes"
664,"Yes"
2983,"No"
177,"Yes"
2613,"No"
2780,"Yes"
2032,"No"
2574,"No"
840,"Yes"
2808,"Yes"
465,"No"
1506,"No"
2641,"Yes"
563,"Yes"
232,"No"
175,"Yes"
2431,"Yes"
1164,"No"
690,"No"
755,"No"
1213,"Yes"
588,"Yes"
1705,"Yes"
1940,"No"
2478,"Yes"
1059,"No"
1358,"No"
2512,"No"
1118,"No"
982,"No"
2250,"No"
1704,"No"
948,"No"
1643,"No"
2692,"Yes"
1543,"No"
1579,"No"
2471,"No"
2010,"No"
2533,"No"
1611,"Yes"
1023,"No"
123,"Yes"
2881,"Yes"
2228,"No"
2061,"No"
1097,"No"
769,"No"
1848,"No"
2820,"No"
2583,"No"
1867,"No"
2884,"Yes"
2201,"No"
1038,"Yes"
869,"No"
2567,"No"
2979,"Yes"
2717,"Yes"
238,"No"
606,"No"
2802,"Yes"
503,"Yes"
2022,"No"
1100,"Yes"
2073,"No"
2251,"No"
1140,"No"
1530,"No"
198,"Yes"
141,"No"
355,"No"
139,"No"
1903,"No"
359,"No"
2074,"No"
1763,"No"
538,"Yes"
689,"No"
905,"No"
1222,"No"
2279,"No"
1832,"No"
2656,"No"
1322,"No"
1533,"No"
1130,"Yes"
405,"No"
1435,"Yes"
2699,"No"
2685,"Yes"
2192,"Yes"
553,"Yes"
119,"Yes"
1340,"Yes"
929,"No"
2971,"Yes"
779,"Yes"
2410,"Yes"
2469,"No"
976,"No"
2033,"No"
2945,"Yes"
289,"Yes"
2610,"No"
1801,"No"
165,"Yes"
2935,"No"
650,"No"
695,"No"
1487,"No"
2736,"No"
63,"Yes"
2763,"No"
2951,"No"
1869,"Yes"
2451,"No"
1412,"Yes"
2174,"No"
1449,"No"
860,"Yes"
1821,"No"
939,"Yes"
131,"No"
256,"Yes"
2542,"No"
2853,"Yes"
1312,"No"
73,"No"
1652,"No"
1393,"Yes"
1552,"No"
1410,"No"
514,"Yes"
65,"Yes"
301,"Yes"
2001,"No"
2312,"No"
396,"No"
1520,"No"
2190,"Yes"
1586,"Yes"
2360,"Yes"
2906,"No"
1915,"Yes"
93,"No"
1258,"Yes"
167,"Yes"
2051,"No"
2988,"No"
1133,"No"
1281,"No"
19,"Yes"
33,"No"
1483,"No"
2111,"No"
802,"No"
1383,"No"
864,"Yes"
1843,"No"
181,"Yes"
2069,"No"
1054,"Yes"
496,"Yes"
2395,"No"
103,"No"
291,"No"
1606,"No"
1248,"Yes"
486,"No"
639,"No"
1172,"Yes"
347,"No"
1493,"Yes"
1430,"No"
1440,"Yes"
485,"No"
1939,"No"
300,"No"
2814,"No"
2283,"Yes"
1977,"No"
2834,"Yes"
2804,"Yes"
2913,"Yes"
1085,"No"
2982,"Yes"
1654,"No"
1124,"No"
2844,"Yes"
580,"Yes"
2220,"No"
1040,"Yes"
64,"No"
2885,"No"
968,"No"
2944,"No"
327,"Yes"
319,"Yes"
1033,"No"
2572,"No"
460,"Yes"
2143,"No"
1277,"Yes"
454,"No"
85,"Yes"
562,"Yes"
817,"No"
1917,"No"
2942,"Yes"
1512,"No"
2125,"Yes"
2273,"No"
1971,"Yes"
2749,"No"
2089,"Yes"
1973,"No"
2405,"No"
2941,"Yes"
2810,"No"
2674,"No"
642,"No"
1789,"Yes"
559,"No"
532,"Yes"
302,"No"
1778,"Yes"
1264,"No"
13,"No"
1492,"No"
583,"No"
1342,"No"
674,"No"
1818,"Yes"
60,"No"
346,"No"
1457,"No"
2488,"No"
691,"No"
564,"No"
1592,"No"
1882,"Yes"
623,"No"
2132,"No"
1733,"No"
1720,"Yes"
2247,"No"
1055,"Yes"
871,"No"
1025,"Yes"
1786,"No"
344,"Yes"
1729,"No"
984,"No"
787,"No"
1717,"No"
1041,"Yes"
2007,"Yes"
2668,"No"
2819,"Yes"
477,"Yes"
1001,"No"
317,"Yes"
2064,"Yes"
644,"No"
402,"Yes"
1360,"No"
818,"No"
1207,"No"
2762,"Yes"
1711,"No"
2165,"Yes"
1919,"Yes"
1578,"No"
545,"Yes"
822,"Yes"
111,"No"
76,"Yes"
1246,"No"
47,"Yes"
2117,"Yes"
594,"Yes"
2774,"Yes"
1547,"No"
789,"No"
1762,"No"
2079,"Yes"
587,"Yes"
370,"No"
2921,"No"
2760,"Yes"
2882,"No"
2657,"No"
2510,"No"
36,"No"
2781,"No"
381,"No"
323,"No"
834,"No"
2320,"Yes"
480,"No"
2671,"Yes"
1381,"No"
981,"No"
2306,"No"
2932,"No"
1190,"No"
544,"Yes"
2324,"Yes"
536,"Yes"
1981,"Yes"
2761,"Yes"
1225,"No"
1280,"No"
838,"Yes"
1299,"No"
2440,"No"
881,"Yes"
1873,"No"
682,"No"
625,"No"
2189,"No"
1369,"No"
2088,"Yes"
747,"Yes"
2633,"No"
2127,"Yes"
21,"No"
2934,"No"
478,"No"
12,"No"
2943,"No"
189,"No"
1400,"No"
2919,"Yes"
2901,"No"
1162,"Yes"
2745,"Yes"
2272,"Yes"
2835,"No"
669,"No"
2397,"Yes"
2171,"Yes"
1226,"No"
2601,"Yes"
2302,"No"
1572,"No"
1936,"No"
1110,"No"
1018,"No"
1387,"No"
1504,"Yes"
2594,"Yes"
1857,"Yes"
363,"No"
387,"Yes"
862,"No"
1488,"No"
2020,"Yes"
2184,"Yes"
843,"Yes"
1601,"No"
146,"No"
2424,"Yes"
1991,"No"
2367,"Yes"
1448,"Yes"
1673,"No"
2149,"Yes"
1897,"No"
1730,"No"
1384,"Yes"
2799,"No"
218,"No"
906,"Yes"
849,"No"
2857,"No"
919,"No"
1666,"Yes"
279,"No"
2377,"Yes"
2974,"Yes"
1224,"No"
2790,"No"
192,"No"
461,"Yes"
2690,"No"
2104,"No"
867,"Yes"
2221,"Yes"
2444,"No"
28,"Yes"
2185,"Yes"
1142,"Yes"
